{"skeleton":{"images":"images/"},
"bones":[{"name":"root"}],
"slots":[
	{"name":"arm3","bone":"root","attachment":"arm3"},
	{"name":"arm2","bone":"root","attachment":"arm2"},
	{"name":"arm1","bone":"root","attachment":"arm1"},
	{"name":"l_leg2","bone":"root","attachment":"l_leg2"},
	{"name":"r_leg2","bone":"root","attachment":"r_leg2"},
	{"name":"l_leg1","bone":"root","attachment":"l_leg1"},
	{"name":"r_leg1","bone":"root","attachment":"r_leg1"},
	{"name":"l_foor","bone":"root","attachment":"l_foor"},
	{"name":"r_foot","bone":"root","attachment":"r_foot"},
	{"name":"body","bone":"root","attachment":"body"},
	{"name":"shiled","bone":"root","attachment":"shiled"},
	{"name":"head","bone":"root","attachment":"head"},
	{"name":"hair","bone":"root","attachment":"hair"},
	{"name":"Layer 102","bone":"root","attachment":"Layer 102"}
],
"skins":{
	"default":{
		"Layer 102":{"Layer 102":{"x":890.5,"y":181,"width":227,"height":230}},
		"hair":{"hair":{"x":790,"y":632.5,"width":186,"height":263}},
		"head":{"head":{"x":691.5,"y":637,"width":355,"height":430}},
		"shiled":{"shiled":{"x":528.5,"y":279,"width":281,"height":302}},
		"body":{"body":{"x":665,"y":284,"width":488,"height":400}},
		"r_foot":{"r_foot":{"x":772.5,"y":82.5000000000001,"width":61,"height":31}},
		"l_foor":{"l_foor":{"x":615,"y":77.9999999999999,"width":58,"height":30}},
		"r_leg1":{"r_leg1":{"x":767,"y":123.5,"width":64,"height":101}},
		"l_leg1":{"l_leg1":{"x":629,"y":117.5,"width":70,"height":91}},
		"r_leg2":{"r_leg2":{"x":758,"y":199,"width":68,"height":104}},
		"l_leg2":{"l_leg2":{"x":638.5,"y":179,"width":77,"height":92}},
		"arm1":{"arm1":{"x":804.5,"y":284.5,"width":77,"height":109}},
		"arm2":{"arm2":{"x":784,"y":350,"width":60,"height":94}},
		"arm3":{"arm3":{"x":774.5,"y":413.5,"width":91,"height":111}}
	}
},
"animations":{"animation":{}}
}