{"skeleton":{"hash":"eMRUrVtJ/+rsakJhK5BPn+9jIpw","spine":"3.6.38","width":0,"height":0,"images":"./skill/"},"bones":[{"name":"root"},{"name":"dust1","parent":"root","length":353.76,"rotation":69.95,"x":13.82,"y":-46.57},{"name":"dust2","parent":"root","length":389.25,"rotation":41.88,"x":79.97,"y":-51.3},{"name":"dust3","parent":"root","length":345.26,"rotation":130.37,"x":-75.96,"y":-52.87},{"name":"effect","parent":"root","x":17.57,"y":-303.25},{"name":"effect2","parent":"root","x":17.57,"y":-303.25},{"name":"effect3","parent":"root","x":17.57,"y":-303.25},{"name":"explosion2","parent":"root","x":-205.11,"y":104.63},{"name":"explosion3","parent":"root","x":251.64,"y":71.55},{"name":"fireball","parent":"root","x":-2072.44,"y":3335.47},{"name":"fog1","parent":"root","x":237.47,"y":-22.95},{"name":"fog2","parent":"root","x":-298.03,"y":21.15},{"name":"main explosion","parent":"root","y":1},{"name":"sonicboom","parent":"root","x":2.11,"y":32.84},{"name":"tale","parent":"root","length":4578.78,"rotation":129.55,"x":-368.84,"y":545.33}],"slots":[{"name":"fire ball","bone":"fireball"},{"name":"aaaa","bone":"sonicboom","blend":"additive"},{"name":"dust2","bone":"dust2"},{"name":"muel_explotion_2","bone":"main explosion"},{"name":"muel_explotion_1","bone":"explosion2"},{"name":"muel_explotion_3","bone":"explosion3"},{"name":"dust1","bone":"dust1"},{"name":"dust3","bone":"dust3"},{"name":"fog1","bone":"fog1"},{"name":"fog2","bone":"fog2"},{"name":"ef_19_0000","bone":"effect","blend":"additive"},{"name":"ef_19_0","bone":"effect2","blend":"additive"},{"name":"ef_19_1","bone":"effect3","blend":"additive"}],"skins":{"default":{"aaaa":{"aaaa":{"x":3.83,"y":-0.67,"scaleX":0.327,"scaleY":0.327,"width":2514,"height":529}},"dust1":{"dust1":{"x":127.38,"y":41.46,"rotation":-69.95,"width":445,"height":632}},"dust2":{"dust2":{"x":304.29,"y":-16.89,"rotation":-41.88,"width":761,"height":648}},"dust3":{"dust3":{"x":283.1,"y":36.31,"rotation":-130.37,"width":761,"height":648}},"ef_19_0":{"ef_19_0000":{"y":396.29,"scaleX":5.783,"scaleY":5.783,"width":300,"height":143},"ef_19_0001":{"y":396.29,"scaleX":5.783,"scaleY":5.783,"width":300,"height":143},"ef_19_0002":{"y":396.29,"scaleX":5.783,"scaleY":5.783,"width":300,"height":143},"ef_19_0003":{"y":396.29,"scaleX":5.783,"scaleY":5.783,"width":300,"height":143},"ef_19_0004":{"y":396.29,"scaleX":5.783,"scaleY":5.783,"width":300,"height":143},"ef_19_0005":{"y":396.29,"scaleX":5.783,"scaleY":5.783,"width":300,"height":143}},"ef_19_0000":{"ef_19_0000":{"y":396.29,"scaleX":5.783,"scaleY":5.783,"width":300,"height":143},"ef_19_0001":{"y":396.29,"scaleX":5.783,"scaleY":5.783,"width":300,"height":143},"ef_19_0002":{"y":396.29,"scaleX":5.783,"scaleY":5.783,"width":300,"height":143},"ef_19_0003":{"y":396.29,"scaleX":5.783,"scaleY":5.783,"width":300,"height":143},"ef_19_0004":{"y":396.29,"scaleX":5.783,"scaleY":5.783,"width":300,"height":143},"ef_19_0005":{"y":396.29,"scaleX":5.783,"scaleY":5.783,"width":300,"height":143}},"ef_19_1":{"ef_19_0000":{"y":396.29,"scaleX":5.783,"scaleY":5.783,"width":300,"height":143},"ef_19_0001":{"y":396.29,"scaleX":5.783,"scaleY":5.783,"width":300,"height":143},"ef_19_0002":{"y":396.29,"scaleX":5.783,"scaleY":5.783,"width":300,"height":143},"ef_19_0003":{"y":396.29,"scaleX":5.783,"scaleY":5.783,"width":300,"height":143},"ef_19_0004":{"y":396.29,"scaleX":5.783,"scaleY":5.783,"width":300,"height":143},"ef_19_0005":{"y":396.29,"scaleX":5.783,"scaleY":5.783,"width":300,"height":143}},"fire ball":{"fire ball":{"width":400,"height":319}},"fog1":{"fog1":{"x":55.13,"y":81.9,"width":677,"height":313}},"fog2":{"fog2":{"x":42.52,"y":14.18,"width":408,"height":266}},"muel_explotion_1":{"muel_explotion_1":{"x":-29.93,"y":119.7,"width":1000,"height":758}},"muel_explotion_2":{"muel_explotion_2":{"x":-0.87,"y":372.33,"width":1000,"height":897}},"muel_explotion_3":{"muel_explotion_3":{"x":-1.57,"y":130.73,"scaleX":0.547,"scaleY":0.547,"width":1000,"height":1000}}}},"animations":{"animation":{"slots":{"aaaa":{"color":[{"time":0.3667,"color":"ffffff00","curve":[0,0.34,0.366,0.69]},{"time":0.6667,"color":"ffffffff","curve":"stepped"},{"time":1,"color":"ffffffff","curve":[0.292,0.62,0.643,1]},{"time":1.4333,"color":"ffffff00"}],"attachment":[{"time":0.3667,"name":"aaaa"}]},"dust1":{"color":[{"time":0.3667,"color":"ffffff00"},{"time":0.4667,"color":"ffffffff"},{"time":1.1,"color":"ffffff00"}],"attachment":[{"time":0.3667,"name":"dust1"}]},"dust2":{"color":[{"time":0.6667,"color":"ffffff00"},{"time":0.7667,"color":"ffffffff"},{"time":1.6,"color":"ffffff00"}],"attachment":[{"time":0.6667,"name":"dust2"}]},"dust3":{"color":[{"time":0.4667,"color":"ffffff00"},{"time":0.5667,"color":"ffffffff"},{"time":1.4667,"color":"ffffff00"}],"attachment":[{"time":0.4667,"name":"dust3"}]},"ef_19_0000":{"attachment":[{"time":0.3333,"name":"ef_19_0000"},{"time":0.3667,"name":"ef_19_0001"},{"time":0.4,"name":"ef_19_0002"},{"time":0.4333,"name":"ef_19_0003"},{"time":0.4667,"name":"ef_19_0004"},{"time":0.5,"name":"ef_19_0005"},{"time":0.5333,"name":null}]},"ef_19_0":{"attachment":[{"time":0.4333,"name":"ef_19_0000"},{"time":0.4667,"name":"ef_19_0001"},{"time":0.5,"name":"ef_19_0002"},{"time":0.5333,"name":"ef_19_0003"},{"time":0.5667,"name":"ef_19_0004"},{"time":0.6,"name":"ef_19_0005"},{"time":0.6333,"name":null}]},"ef_19_1":{"attachment":[{"time":0.5,"name":"ef_19_0000"},{"time":0.5333,"name":"ef_19_0001"},{"time":0.5667,"name":"ef_19_0002"},{"time":0.6,"name":"ef_19_0003"},{"time":0.6333,"name":"ef_19_0004"},{"time":0.6667,"name":"ef_19_0005"},{"time":0.7,"name":null}]},"fire ball":{"color":[{"time":0,"color":"ffffff00","curve":[0.501,0,0.901,0.6]},{"time":0.3333,"color":"ffffffff"},{"time":0.4333,"color":"ffffff00"}],"attachment":[{"time":0,"name":"fire ball"}]},"fog1":{"color":[{"time":1.1,"color":"ffffff00"},{"time":1.2,"color":"ffffffff"},{"time":1.9333,"color":"ffffff00"}],"attachment":[{"time":0.7333,"name":null},{"time":1.1,"name":"fog1"}]},"fog2":{"color":[{"time":0.7333,"color":"ffffff00"},{"time":0.8667,"color":"ffffffff"},{"time":1.7667,"color":"ffffff00"}],"attachment":[{"time":0.7333,"name":"fog2"}]},"muel_explotion_1":{"color":[{"time":0.3333,"color":"ffffff00"},{"time":0.4333,"color":"ffffffff"},{"time":1.2667,"color":"ffffff00"}],"attachment":[{"time":0.2667,"name":null},{"time":0.3333,"name":"muel_explotion_1"},{"time":0.4333,"name":"muel_explotion_1"}]},"muel_explotion_2":{"color":[{"time":0.2667,"color":"ffffff00"},{"time":0.3667,"color":"ffffffff"},{"time":1.6,"color":"ffffff00"}],"attachment":[{"time":0.2667,"name":"muel_explotion_2"}]},"muel_explotion_3":{"color":[{"time":0.5333,"color":"ffffff00"},{"time":0.6333,"color":"ffffffff"},{"time":1.5,"color":"ffffff00"}],"attachment":[{"time":0.5333,"name":"muel_explotion_3"}]}},"bones":{"main explosion":{"scale":[{"time":0.2667,"x":0.344,"y":0.344},{"time":0.3667,"x":1.314,"y":1.314},{"time":1.6,"x":1.6,"y":1.6}]},"sonicboom":{"translate":[{"time":0.3667,"x":0,"y":0,"curve":"stepped"},{"time":1.4333,"x":0,"y":0}],"scale":[{"time":0.3667,"x":0.809,"y":0.809,"curve":[0,0.52,0.195,1]},{"time":1.4333,"x":6.772,"y":4.532}]},"explosion2":{"translate":[{"time":0.3333,"x":7.5,"y":-39.35}],"scale":[{"time":0.3333,"x":0.453,"y":0.453},{"time":0.4333,"x":0.932,"y":0.932},{"time":1.2667,"x":1.079,"y":1.079}]},"explosion3":{"scale":[{"time":0.5333,"x":0.43,"y":0.43},{"time":0.6333,"x":0.949,"y":0.949},{"time":1.5,"x":1.038,"y":1.038}]},"dust1":{"scale":[{"time":0.4667,"x":1.573,"y":1.573},{"time":1.1,"x":1.887,"y":1.887}]},"dust2":{"scale":[{"time":0.6667,"x":0.621,"y":0.621},{"time":0.7667,"x":1.166,"y":1.166},{"time":1.6,"x":1.381,"y":1.381}]},"dust3":{"scale":[{"time":0.4667,"x":1,"y":1},{"time":0.5667,"x":1.655,"y":1.655},{"time":1.4667,"x":1.936,"y":1.936}]},"fog1":{"scale":[{"time":1.1,"x":1,"y":1},{"time":1.2,"x":2.351,"y":2.351},{"time":1.9333,"x":3.012,"y":3.012}]},"fog2":{"scale":[{"time":0.7333,"x":1,"y":1},{"time":0.8667,"x":2.667,"y":2.667},{"time":1.7667,"x":3.775,"y":3.775}]},"fireball":{"rotate":[{"time":0,"angle":0,"curve":[0.501,0,0.901,0.6]},{"time":0.3333,"angle":172.04}],"translate":[{"time":0,"x":0,"y":0,"curve":[0.501,0,0.901,0.6]},{"time":0.3333,"x":2039.18,"y":-3079.7}],"scale":[{"time":0,"x":1,"y":1},{"time":0.3333,"x":1.679,"y":1.679}]},"tale":{"translate":[{"time":0.2667,"x":-677.6,"y":1257.12},{"time":0.3667,"x":8.92,"y":401.21,"curve":[0,0.39,0.75,1]},{"time":0.6667,"x":368.91,"y":-30.78}],"scale":[{"time":0.2667,"x":0.601,"y":0.601},{"time":0.3667,"x":0.871,"y":0.871,"curve":[0,0.39,0.75,1]},{"time":0.6667,"x":1.218,"y":1.218}]},"effect":{"translate":[{"time":0.3333,"x":0,"y":165.12}]},"effect2":{"translate":[{"time":0.4333,"x":0,"y":82.56}],"scale":[{"time":0.4333,"x":-1.817,"y":1}]},"effect3":{"translate":[{"time":0.5,"x":74.3,"y":-41.28}],"scale":[{"time":0.5,"x":2.58,"y":1}]}}}}}